mol_id,smiles,NR-AR,NR-AhR,NR-ER,SR-MMP,SR-p53,feature_1,feature_2,feature_3,feature_4,feature_5
TOX_0,CC0,0.0,1.0,0.0,1.0,0.0,0.5211224283793383,0.4822489526806572,-0.5289777080640152,0.1566937282465246,0.04930833152022263
TOX_1,CC1,,1.0,0.0,0.0,0.0,0.645215585950057,-1.2376624223272978,-1.0565576427602528,1.0235306441853447,0.7688396759688968
TOX_2,CC2,1.0,0.0,1.0,0.0,,0.5556044660034485,0.8691560643892732,1.223083067095325,0.17528677893392386,-0.6082265074447593
TOX_3,CC3,0.0,1.0,1.0,0.0,0.0,0.08958068125524882,0.8872908372667421,-0.25885440036983165,-1.3367254388759306,0.3631156277445234
TOX_4,CC4,0.0,1.0,1.0,0.0,0.0,-0.1973384203073261,-0.7632861041785816,0.35250496835687956,-0.4118233689636573,0.3111099911431952
TOX_5,CC5,0.0,0.0,1.0,0.0,1.0,-0.1512732836535117,0.03793783544760203,-0.5703513664136806,0.13192796677195706,-1.889649292096153
TOX_6,CC6,0.0,,1.0,1.0,0.0,-0.194908280352681,0.6833289928110694,-1.8206033005485172,-0.4545477187434442,2.01527511046064
TOX_7,CC7,1.0,1.0,1.0,1.0,1.0,1.1337700968670645,-0.20931381957936157,0.2700573583914221,-0.218653277435036,1.2906444609225471
TOX_8,CC8,1.0,,0.0,1.0,0.0,0.5935567222808619,1.0729780477660118,-1.9122549754197768,-0.09139955750911445,-0.39719531614598763
TOX_9,CC9,1.0,1.0,0.0,1.0,0.0,-2.9403886346642802,2.3638724946193608,-0.06863404608546861,-0.08087849786546131,-1.1022697404558555
TOX_10,CC10,0.0,1.0,0.0,1.0,0.0,0.655900776529761,-0.7859860326349823,-1.3683150388328105,0.05225849049748321,0.347561613803552
TOX_11,CC11,,0.0,,1.0,0.0,0.19473619471877485,-1.3810446031537749,1.987275999230808,-1.060605066396601,0.08669769941439658
TOX_12,CC12,1.0,,,,,-0.018708756445897416,0.30381859560487573,0.9113627221747217,-0.7170161491279362,0.3556689485632294
TOX_13,CC13,0.0,1.0,0.0,0.0,0.0,-0.38851845308888583,0.7215625051261435,0.10575379127148042,-1.2845842656999693,0.19157739619408962
TOX_14,CC14,0.0,0.0,1.0,0.0,0.0,1.1241127199860135,-0.23086637384476896,1.2637066776546686,0.9778155496862003,0.5062409893059261
TOX_15,CC15,0.0,0.0,,0.0,0.0,0.9475264621228578,1.4532606633210343,-0.8463159774657358,-2.1056469418403245,1.4473056993918065
TOX_16,CC16,0.0,0.0,0.0,1.0,0.0,-0.7728776678236091,-1.3386057997232488,0.543479378670093,1.1535903433169254,0.5681032051286461
TOX_17,CC17,0.0,1.0,1.0,1.0,1.0,0.4070522871245351,0.6929186230316111,0.1998104337187135,1.3863493972628433,-1.0496554989099411
TOX_18,CC18,0.0,,,0.0,0.0,-0.971656734541286,-0.6058608207588934,0.26402008133367,-0.3021805869826214,1.362562852712452
TOX_19,CC19,0.0,0.0,0.0,,1.0,-1.3796181647889305,1.7193779062072967,1.2723535001067678,-2.6031370878272986,1.6406145634882874
TOX_20,CC20,1.0,1.0,1.0,0.0,,-0.6267172245899651,1.9925153531681183,0.7324921027798023,-0.3613105619672905,3.152056734512085
TOX_21,CC21,0.0,0.0,0.0,,0.0,0.8623934723827588,-0.7666565877833479,0.28872366282502326,-0.06418416128881928,-1.123494033239598
TOX_22,CC22,0.0,,,0.0,,0.9531250453760867,-0.5495571359085801,-1.6548874362282961,-1.0105982199289134,0.242882013150275
TOX_23,CC23,0.0,1.0,,0.0,0.0,0.513085420097293,0.8595878869798019,-0.9600462952794637,-0.5152183938082427,-2.0820987031889873
TOX_24,CC24,0.0,1.0,,0.0,0.0,0.7250957868479971,-0.3871306497895146,-0.12270893359572414,1.5301951988633513,0.5531491563792091
TOX_25,CC25,1.0,0.0,0.0,0.0,0.0,0.5161782871149584,-0.04541121793223822,0.09337237427665124,0.664927162301741,-0.5482002981667726
TOX_26,CC26,0.0,0.0,1.0,0.0,1.0,-0.6414815952229522,0.02538842054241018,-1.1302037246739238,-0.9245641143780999,1.9234457948249533
TOX_27,CC27,0.0,0.0,1.0,0.0,,0.43192254467394064,-1.9196731561976563,2.411676675578421,-1.5975991695954321,-0.7746149700185819
TOX_28,CC28,0.0,0.0,0.0,1.0,0.0,0.8004095252276823,-0.01383774609423725,1.5163940552535728,-0.3270173176097711,-1.6891830379672617
TOX_29,CC29,0.0,1.0,1.0,1.0,1.0,0.7542913298135743,-0.6897277740641738,0.6021183203924835,-0.21345677935043825,-0.47126374070251964
TOX_30,CC30,1.0,1.0,0.0,0.0,0.0,1.188913371474643,-0.493122822399772,0.07203686128374476,0.4961991873633163,-1.9754877712171375
TOX_31,CC31,0.0,,1.0,1.0,0.0,0.7083038472010638,1.4436320034688142,-0.21220896990115168,-0.535316712567659,0.7510994545073101
TOX_32,CC32,0.0,,0.0,1.0,0.0,0.3514482075415829,-1.2565068942792563,-0.9519184600222356,0.5114995753618614,-2.0650830462563206
TOX_33,CC33,,1.0,0.0,0.0,,1.0701502383164274,0.8132051867479773,0.07748051851886253,1.9351540400602292,0.02845758118315888
TOX_34,CC34,,1.0,0.0,0.0,1.0,-0.026521259249060063,-0.2789629303318085,0.2577525401427507,0.8155010224442626,-2.077811819856197
TOX_35,CC35,1.0,,1.0,0.0,0.0,-0.8818746512277178,-0.2797601684958344,-1.2417605754816243,-0.048088507330772585,-0.3202978045366419
TOX_36,CC36,0.0,1.0,0.0,0.0,0.0,-0.16306696394376388,0.7903718960517113,0.33417641724489744,-0.18315047105329468,1.643378155804534
TOX_37,CC37,0.0,0.0,1.0,1.0,0.0,-0.7449026448064491,0.34005129456889044,-0.15525904882474875,-0.35667313417987123,0.36064789143579495
TOX_38,CC38,1.0,0.0,0.0,0.0,0.0,-0.6751782749743815,0.570612997219531,-1.907807557877391,1.1806409124521446,-0.863493604964934
TOX_39,CC39,0.0,0.0,0.0,1.0,0.0,-0.14451867071551783,0.9681846605328611,-0.8603850107795019,-0.6273134459513029,-0.031203488939083975
TOX_40,CC40,0.0,,0.0,1.0,1.0,-0.7924199209999613,-0.33130838318332273,-0.41360553342164424,0.04522270899998256,0.018016872044446585
TOX_41,CC41,0.0,1.0,1.0,0.0,0.0,-0.3079615296390403,-0.6122367345077503,1.8876876573401904,0.05119790188108534,0.47263034584340563
TOX_42,CC42,0.0,0.0,0.0,1.0,0.0,-1.8936146669537857,-1.085150526557798,0.5565531245337582,-0.501784192811532,-1.3668583632808264
TOX_43,CC43,,1.0,1.0,0.0,0.0,0.21329370737293857,-0.8254105299789551,-1.3354815690998914,-1.3724655478841008,0.5925672738473307
TOX_44,CC44,0.0,1.0,1.0,,1.0,0.0012054753622242368,2.9490944253087252,0.486036289417637,0.32297450361766816,-2.704391631602775
TOX_45,CC45,1.0,0.0,1.0,0.0,1.0,-0.8170886310681906,1.2446795807367868,-1.5473039889383655,-0.06100397185538355,-0.6298845523638104
TOX_46,CC46,0.0,0.0,0.0,1.0,0.0,0.6592456684324051,-1.3510743662080213,1.0826910538870733,0.5002404694365699,-0.48827384245154465
TOX_47,CC47,0.0,1.0,0.0,1.0,1.0,0.9375701376265584,-1.3224579567435701,-0.4711246518178786,-0.5336003064391669,0.6333268260712385
TOX_48,CC48,0.0,1.0,1.0,0.0,0.0,-1.6075598643689741,0.4818660617184915,-0.09363618873917084,1.2208212988130478,0.02263085267686914
TOX_49,CC49,0.0,1.0,0.0,1.0,0.0,-0.7627247785662142,0.547264797377967,1.32579664754219,-0.8767737812118448,-1.4055630538562867
TOX_50,CC50,,1.0,1.0,,0.0,-0.7691423497872982,0.5488838353173644,-1.28716356858425,1.7120402840178925,-0.9849931258170151
TOX_51,CC51,1.0,1.0,0.0,1.0,0.0,-0.9399031011088647,-0.25495579355369785,-1.3971181851129912,-1.7476365098282616,0.1986800095474069
TOX_52,CC52,,1.0,,1.0,0.0,0.8294748419317485,-0.12545426000290022,-0.5835993263460049,0.43477006455689116,-0.07906734186455629
TOX_53,CC53,1.0,1.0,1.0,1.0,,-0.19382613877280352,0.3278795241593574,1.0383788510193166,0.47543068252662346,-0.5791241096357465
TOX_54,CC54,0.0,1.0,,0.0,1.0,-0.26451484131061076,0.08589300629333041,-1.5193460754768424,-0.7955570679408823,-0.48083378951197936
TOX_55,CC55,,0.0,0.0,0.0,1.0,-2.0038623644067535,-2.219300372747535,-2.832155598110569,0.4243939378610126,0.696167997159289
TOX_56,CC56,0.0,0.0,1.0,1.0,0.0,0.6354180302092264,-0.22979963057519381,-0.4511588584089988,1.2795186697601588,-0.5176925728692147
TOX_57,CC57,0.0,0.0,0.0,0.0,0.0,-1.2392583948534726,-0.8514064342603136,0.5517407999109204,-2.2168188393540644,-0.08809124402907328
TOX_58,CC58,0.0,1.0,0.0,1.0,1.0,0.05993263026632825,0.17521141890851205,1.2002617497388293,0.5027448074908146,2.169936588080543
TOX_59,CC59,0.0,1.0,1.0,,0.0,0.2773769379581917,2.98525900260341,-0.463161362085399,-2.4932708203300775,-1.423682636883923
TOX_60,CC60,0.0,1.0,1.0,0.0,0.0,1.360658595838651,0.3674816654743044,-0.41142660711600243,-0.965664803523208,-1.8518427315746586
TOX_61,CC61,0.0,0.0,,0.0,0.0,-1.308820399119112,-0.3135296861723979,1.1539007342557472,1.6291663649009451,0.7835896647986067
TOX_62,CC62,1.0,0.0,1.0,1.0,1.0,-3.0195121558208253,0.9218015019772522,-1.8697416996954206,-0.581782033392054,-0.6786430612941032
TOX_63,CC63,0.0,0.0,0.0,0.0,0.0,0.18384954475369486,0.4826878872092127,-0.38852077518300926,-1.1738799644089726,-0.31823752774262026
TOX_64,CC64,0.0,0.0,0.0,1.0,0.0,1.8005111815108537,0.4200944904518413,0.19042388992505774,-0.19793772898468187,-0.7811563781311142
TOX_65,CC65,0.0,1.0,1.0,0.0,1.0,1.2389463529394373,0.606850593215671,0.44921872128503426,2.067906338163552,-0.2598001407675125
TOX_66,CC66,0.0,0.0,0.0,1.0,0.0,0.20965941527462578,2.0565435648295414,-0.5098066931908826,-1.8316822472060261,1.5985381120963413
TOX_67,CC67,1.0,0.0,0.0,0.0,0.0,-0.49163618563204736,-1.1308884353259157,0.03444101170584135,-1.0513099116393445,0.8021284586181193
TOX_68,CC68,0.0,,0.0,1.0,0.0,0.8071225966373103,0.47363207681145447,-2.4883273534129895,1.4974316831796264,0.8622235118869771
TOX_69,CC69,,0.0,0.0,0.0,0.0,-0.9735461997044687,-0.9263811299815384,-0.6582484123338483,1.8577023435377324,-1.4162270557926455
TOX_70,CC70,1.0,1.0,0.0,1.0,1.0,0.47635776935621926,0.5555126463422483,0.4535087125544674,-0.10343122429028392,-1.1511537365528692
TOX_71,CC71,0.0,1.0,0.0,0.0,0.0,0.5054701591666269,-0.9186865114860944,-0.9822940342546795,-1.2390527025266425,-2.839078659485427
TOX_72,CC72,0.0,0.0,0.0,1.0,0.0,1.0602099074988798,-0.4173668136050844,0.058984221589597374,2.095843501809159,-0.809380821082754
TOX_73,CC73,1.0,1.0,0.0,1.0,1.0,2.7596600389110777,-0.2950899142379063,0.446872500802698,1.5944423917491968,0.9567031863856584
TOX_74,CC74,1.0,1.0,,0.0,1.0,0.39241596717876703,0.975816719344709,-0.34254920085776497,0.678946987762233,0.5169465157483709
TOX_75,CC75,1.0,,0.0,0.0,1.0,-0.5089636257074988,0.9184544439424138,0.1704637709965709,-0.81240234893742,-0.2215132629521239
TOX_76,CC76,1.0,0.0,0.0,0.0,0.0,-0.025574312191994436,-1.2457173764463845,-0.9627325652846123,-0.049029340838036735,-0.02230028371805305
TOX_77,CC77,0.0,,1.0,1.0,0.0,-1.7690759048891183,0.054934110999848726,-0.20661127969604665,-0.16036008104483077,-0.6888855425754056
TOX_78,CC78,0.0,0.0,0.0,1.0,,-0.6947131310890582,-0.7095798547491726,0.6102161695892225,0.33085130461557777,0.20475888240178416
TOX_79,CC79,0.0,0.0,,1.0,1.0,-0.409282438113104,-1.2585049106753345,0.15697296096843422,1.451001438131336,0.7658782794806148
TOX_80,CC80,1.0,0.0,1.0,0.0,0.0,-0.5240883979345925,-0.21701705042437042,-0.5865312695639355,0.8794170411374032,-1.6158867874104728
TOX_81,CC81,1.0,,0.0,0.0,0.0,0.152354872033722,-0.3084827884558197,0.224216404290793,-1.0773760769847582,0.29964768783734813
TOX_82,CC82,0.0,0.0,0.0,1.0,0.0,-0.8224199323822006,2.4267164863455224,0.714609790636618,1.3764964500195378,0.9324348709546673
TOX_83,CC83,0.0,0.0,1.0,0.0,,1.1210306673244714,0.43295982536069616,-2.049941278577478,0.3131321400131553,-0.4151002889633696
TOX_84,CC84,0.0,1.0,,,0.0,0.00020706491819709385,-1.3776175007542373,1.1590740649558977,0.6870657958589163,0.7007006121205837
TOX_85,CC85,0.0,0.0,0.0,0.0,0.0,-0.009300321138614417,-0.5647740041709423,-0.336254738681072,1.466540859278603,2.814654444472553
TOX_86,CC86,1.0,0.0,1.0,1.0,0.0,-0.32789471651291785,1.0213832954293984,0.42548993324023027,-1.1115802495135512,-0.10434279298689192
TOX_87,CC87,1.0,0.0,0.0,0.0,1.0,0.15519068385897913,2.088442772869925,1.197246923645228,-0.035825578706462934,0.3933070500053236
TOX_88,CC88,1.0,0.0,,0.0,1.0,0.8250982646676347,-1.5859833122379583,-1.371673697230466,-0.531454551359215,-0.7380570836613916
TOX_89,CC89,0.0,0.0,0.0,1.0,0.0,-0.8671302157109003,-1.879924385139045,-0.7094410024275466,-1.5678594253654559,0.1812511626020504
TOX_90,CC90,0.0,0.0,,1.0,1.0,-0.6581164890752567,1.8709651753717822,-0.2885486958757048,0.3467099776049199,0.46027162498230384
TOX_91,CC91,1.0,1.0,1.0,,,-0.30372602877666466,0.38961417737090387,-0.7837535211244283,2.5115565515844236,0.19484234027013805
TOX_92,CC92,1.0,0.0,1.0,0.0,0.0,-1.345870923473215,-0.8682927318763665,1.7349365758368085,-1.8400777445057528,-1.0196953197088567
TOX_93,CC93,0.0,0.0,0.0,0.0,0.0,-0.8192578597214978,0.5346290861224353,-0.8567720938267928,-0.032280611049470324,0.2063617713254507
TOX_94,CC94,1.0,1.0,0.0,1.0,0.0,-0.47622087354465903,-2.6357477390168778,-0.5555467794868666,0.6405429350747734,1.4621959387176369
TOX_95,CC95,0.0,0.0,0.0,1.0,1.0,0.8743891807127275,0.003375506597160999,0.20438903160297678,0.12307820165618115,0.4486357645145273
TOX_96,CC96,0.0,1.0,0.0,0.0,0.0,0.26256132900192497,0.32782117284308526,-1.2021495260760888,-0.1131280525157404,0.961987189071841
TOX_97,CC97,0.0,0.0,0.0,0.0,1.0,0.19358991136754436,0.9242701395378298,-0.39568071175626385,-1.2992163634458243,-0.23701197001262772
TOX_98,CC98,0.0,0.0,1.0,0.0,1.0,0.8508979621679722,-1.0138959522925377,0.31745326125017514,0.23278674294016363,0.7499002394237105
TOX_99,CC99,0.0,0.0,0.0,1.0,0.0,-0.13737178839939665,0.08568716140335904,-0.33286040438251124,-0.7567639770159263,0.27926783821652595
TOX_100,CC100,0.0,0.0,0.0,0.0,,0.3904648499288896,-0.9254246260595873,-0.09338685889994829,-2.1899217049785533,-0.950910729687232
TOX_101,CC101,1.0,0.0,,0.0,0.0,-0.10322175293249623,0.2553837556743171,-0.5293321124483709,1.1945922205137307,0.31852100479887446
TOX_102,CC102,0.0,0.0,1.0,0.0,0.0,0.26536234939962844,-0.8953463223630241,-1.514470309180767,0.9583858198420424,-0.9916966634403105
TOX_103,CC103,0.0,0.0,,0.0,1.0,-0.5827586576115821,-0.4081008391602206,0.32159321133923857,0.0516609768510798,-0.6328802748847919
TOX_104,CC104,,0.0,,0.0,1.0,-2.438817158276429,-0.9958153947902291,1.7549330716472415,0.22907468820570256,0.18932830729237413
TOX_105,CC105,0.0,0.0,0.0,1.0,0.0,-0.13427916218630415,0.651136241823657,0.01840163078343813,1.0743180127155614,0.29724427338012405
TOX_106,CC106,0.0,0.0,0.0,0.0,1.0,1.42274813609994,0.8584511166566653,0.22526411724754952,0.2243396567780826,-1.189232465077129
TOX_107,CC107,1.0,0.0,1.0,1.0,,0.9262154022415924,-0.2346205699574138,0.6927227551168594,0.9040175547613144,1.0539857711828762
TOX_108,CC108,0.0,1.0,1.0,0.0,0.0,0.9653974845911707,0.03823799496002834,-1.2693304965466992,-0.29748220087385013,0.5720062783004729
TOX_109,CC109,0.0,1.0,0.0,1.0,,1.2361307218062179,-1.4485914146335441,1.7025146581296056,1.3119837385739466,-0.7047284356108838
TOX_110,CC110,0.0,0.0,1.0,1.0,0.0,0.08865759096143744,-0.29967664800678706,0.20232879642280202,0.3207857259326839,-1.5375847964491753
TOX_111,CC111,0.0,1.0,0.0,1.0,0.0,0.1973157074055956,-0.05020461704174478,1.631856899089109,0.19405194360587402,-0.1449045790814313
TOX_112,CC112,,1.0,0.0,1.0,0.0,-0.6176518954343502,2.620793091029975,-0.7330329955239894,-1.270061088712032,-0.44594371386116016
TOX_113,CC113,1.0,0.0,0.0,0.0,1.0,-0.31607285602704976,-1.1119670257741636,1.8180619225578247,0.2869558543017087,0.11314045705302281
TOX_114,CC114,1.0,1.0,1.0,0.0,1.0,0.6157711497711416,1.4641772387524374,0.7751554940347831,-0.8319549174944512,-0.3631166611555665
TOX_115,CC115,1.0,,1.0,1.0,0.0,1.2038844371688162,0.996858773465808,0.5530400858523584,-0.6382827265284942,-2.00745686074501
TOX_116,CC116,1.0,0.0,0.0,,0.0,-0.13944627568099954,0.2806364044901364,0.23402445435314795,-0.8153756283161211,-0.3883469383011584
TOX_117,CC117,0.0,0.0,1.0,1.0,1.0,-0.4501892648514116,1.7586204841951334,-0.24852861807444937,-1.066234931899225,-0.30561911106831297
TOX_118,CC118,1.0,1.0,0.0,1.0,0.0,0.0005279588565972928,0.3721054726068629,1.2005316584738726,2.1247714030169615,0.6336610247740587
TOX_119,CC119,0.0,1.0,0.0,1.0,1.0,0.6012067489291149,0.3891591956679287,0.14035986984804696,1.3313390619884031,-0.6981996746110497
TOX_120,CC120,1.0,0.0,1.0,0.0,1.0,-1.4438548161335418,-0.053120653017545344,-1.9670697035871523,1.9203675021442612,1.6786746733725662
TOX_121,CC121,1.0,0.0,,0.0,0.0,-2.296180953137238,1.2235688824186275,-1.1171864617070024,-1.222895019555564,-1.911640550651757
TOX_122,CC122,0.0,0.0,1.0,1.0,,-0.5505368494915835,1.0964692338108837,-0.1858457521927473,0.07125374991089249,1.3111674978026244
TOX_123,CC123,0.0,0.0,1.0,,0.0,-1.2207124259141586,-0.6256772874962124,0.3099989831655551,-1.2935076252040958,-0.2243189708781048
TOX_124,CC124,0.0,1.0,1.0,0.0,,-0.5081401976473109,-1.3192471945987674,-0.05658848889989584,-0.695694877197064,0.8595848723435562
TOX_125,CC125,0.0,0.0,1.0,1.0,1.0,-0.14778031881747153,-0.20298063739565708,1.2189707897936632,-0.9181269834165748,0.0798014840587331
TOX_126,CC126,1.0,0.0,0.0,0.0,1.0,-0.4532484090230134,-0.8000385643976464,-1.9511018640386248,1.2395840064415615,1.1395555360254692
TOX_127,CC127,1.0,1.0,0.0,1.0,0.0,1.4524675344707454,-0.0635245746153551,0.1435879365051602,-0.39622967810175985,-0.38736196455281124
TOX_128,CC128,0.0,0.0,0.0,0.0,1.0,0.32674476460232005,1.2374381346841392,-1.8179792253871547,1.0683793336940164,-1.0986204251778122
TOX_129,CC129,0.0,0.0,0.0,0.0,0.0,0.30047435961082836,-0.45730165508679,0.7597122954841684,0.604120889588518,1.4205042872710631
TOX_130,CC130,0.0,1.0,1.0,1.0,0.0,0.6222071440434019,-0.04282338131157488,-0.09445871444200275,2.303638752104789,-0.11348064588214118
TOX_131,CC131,0.0,1.0,0.0,0.0,0.0,-1.1388331177807691,0.058022734808395225,0.41960997202411815,-1.479444223139724,0.2215584736242106
TOX_132,CC132,0.0,1.0,0.0,1.0,0.0,1.0391117874202687,0.8484308822052846,-0.8638829605897661,1.259233239786799,1.2347519140447951
TOX_133,CC133,0.0,1.0,0.0,1.0,0.0,-0.07576428653545988,-2.246889333984605,1.279464931657751,1.1464408704007276,-1.031955242094435
TOX_134,CC134,,0.0,1.0,,1.0,0.6704806172412126,-0.6067002947652967,1.0417246640588513,-0.9733788380270346,0.5954908976392573
TOX_135,CC135,0.0,0.0,0.0,0.0,1.0,-1.0718572330401555,0.21128369227947272,0.5835443030118876,1.0071333364731596,-0.5898947564628909
TOX_136,CC136,0.0,1.0,1.0,0.0,0.0,-1.5537587660160643,1.2000789564268612,-0.12951724686344077,0.3361449630262288,-0.13216935564437185
TOX_137,CC137,1.0,0.0,0.0,0.0,1.0,0.8178896580250287,-0.49190244750620515,0.5798572852951321,-0.22747625995340778,0.07227896538428889
TOX_138,CC138,0.0,0.0,0.0,,0.0,0.3764095260975166,-1.876552706041874,-0.7068925679873489,-0.8239354869719996,-1.500221861446936
TOX_139,CC139,,0.0,1.0,,1.0,-0.9020515543575104,0.6197114459661363,0.8555556590207121,-0.7191094514491859,-0.7788370428204348
TOX_140,CC140,,0.0,1.0,1.0,1.0,-0.8696630812746944,-0.6353623888256293,1.649480894323921,2.049812095785926,1.3510728924131392
TOX_141,CC141,0.0,0.0,0.0,1.0,0.0,1.1254347844147694,-1.1896666590903613,1.0706105599791862,0.000682818957482628,0.8861911885847956
TOX_142,CC142,0.0,0.0,1.0,1.0,1.0,-1.1894118928673278,-0.6243453897132241,-0.7296024698074095,0.7821300015314592,-0.06263957732723487
TOX_143,CC143,0.0,0.0,1.0,1.0,0.0,1.6426729532559634,-0.18452535765584954,0.3614173172731029,-0.7908993816675531,0.24312345851289308
TOX_144,CC144,0.0,0.0,0.0,0.0,0.0,-0.9006207346478687,-0.6047446645382127,-1.2931415437586478,-0.7798529462216388,-0.29424250563645765
TOX_145,CC145,0.0,1.0,1.0,1.0,1.0,0.638391925608383,-2.205566057099069,0.5723903111756757,1.0819848092499422,1.356583385827982
TOX_146,CC146,1.0,1.0,1.0,0.0,0.0,-0.3286184757489846,0.8970661968871322,0.45060341286253885,-1.3495762115515322,-0.20035257779416388
TOX_147,CC147,0.0,1.0,1.0,1.0,0.0,0.6031874310823431,1.2748750412787222,-1.869816339532164,-0.41521376790527154,0.23184209213484805
TOX_148,CC148,0.0,1.0,1.0,1.0,0.0,-0.5441140021141926,0.6515219913395057,-1.1617838439123638,0.03402741107223205,1.146030144142065
TOX_149,CC149,0.0,0.0,1.0,1.0,1.0,-0.1627929060722942,-1.1376856704248166,-0.28313889674376713,0.11137260184005242,-0.7773714848459066
TOX_150,CC150,,0.0,1.0,0.0,0.0,0.04091917539572113,-0.20149153394751798,-0.30085974714082625,-0.17909328501615626,1.558789184496894
TOX_151,CC151,0.0,1.0,1.0,0.0,0.0,-1.0021874557814727,-0.006521315229458062,-1.2094769354188053,0.3958197810959231,-1.5304614097433769
TOX_152,CC152,0.0,1.0,1.0,0.0,1.0,0.7408243454201259,0.5987943895619102,0.38897872935218375,0.6928557558178116,1.6296421311127987
TOX_153,CC153,0.0,1.0,1.0,0.0,1.0,-0.5132135664715852,0.6683404887180808,0.2514736089405121,0.73463754545933,-0.3726755839519746
TOX_154,CC154,,0.0,1.0,0.0,0.0,-0.22859991534001858,-0.7341737987784958,-0.1942691319785193,-0.9858038086678267,-0.24269874782528175
TOX_155,CC155,0.0,0.0,1.0,,0.0,-0.9943493746085122,0.08199555641356042,-0.7557915001583629,-0.2841550979287972,-1.890010171182943
TOX_156,CC156,1.0,0.0,0.0,1.0,0.0,-2.5623336587953105,0.4572804046152411,1.0487071264165635,1.1947628618769377,-0.4547947173776929
TOX_157,CC157,1.0,0.0,1.0,0.0,0.0,-0.19102776260016902,1.4558223221467665,1.6554071130882952,0.8946471875738723,-1.0398065310268843
TOX_158,CC158,0.0,1.0,1.0,0.0,0.0,2.412615421612916,0.7045065398247231,-0.4835614838465371,-1.372859451481064,-0.6076463453734726
TOX_159,CC159,1.0,1.0,0.0,0.0,1.0,0.7846042878980238,0.7890566873755189,-0.6121669171548207,0.35147990035220167,-0.1373109657888796
TOX_160,CC160,0.0,0.0,1.0,1.0,1.0,-0.01926037973439464,0.08382662792936094,0.4912076654119963,-1.9782252493748103,0.9577916144729056
TOX_161,CC161,1.0,,0.0,1.0,1.0,-0.2628908292082677,1.4104591452035038,-0.35802937974698623,0.04693490206036963,0.20760335140062577
TOX_162,CC162,1.0,1.0,0.0,,0.0,0.02246589281204638,0.4097627959594974,-0.13939720066323416,1.897767016745977,0.30767665340111383
TOX_163,CC163,0.0,0.0,1.0,0.0,1.0,0.54711911517521,-0.8610879101735704,0.7396531517246714,-0.9478927172689863,-1.0955193888455623
TOX_164,CC164,0.0,0.0,0.0,,0.0,-1.1808128153088449,1.4033699701251907,-1.9093560875072928,-0.8343230454915821,-0.8807540896027302
TOX_165,CC165,1.0,0.0,1.0,1.0,,1.114321694668872,0.6979032725390276,1.3183023248526693,0.7640297815728595,1.798725018351312
TOX_166,CC166,0.0,0.0,1.0,0.0,1.0,0.7153813154412441,-0.4430440211284823,0.07268052432934134,-1.542801515209646,-0.7352010347632466
TOX_167,CC167,0.0,0.0,0.0,,0.0,0.7181857257079345,-0.47949296739924335,-0.4114931445621802,-0.6327550298850391,1.6562082520572956
TOX_168,CC168,0.0,0.0,0.0,0.0,1.0,0.4384757388097273,0.2965755451407618,-0.08923415422144892,0.5964411375817527,-0.2430611988808665
TOX_169,CC169,0.0,0.0,0.0,1.0,0.0,0.019616657693989903,0.4631847952675847,-0.03757064497948127,-0.6342858476894031,0.0022879361435040493
TOX_170,CC170,1.0,0.0,1.0,0.0,1.0,0.6728612359668199,0.19729226563120644,-1.7312013034449254,-0.23596998721097162,1.0703651602299298
TOX_171,CC171,0.0,1.0,,1.0,0.0,0.591814133741378,0.3113086734428849,1.494938227453236,0.7441857103150346,1.2718924219386565
TOX_172,CC172,0.0,0.0,1.0,1.0,0.0,-0.3540407109410238,1.6999573745763805,0.041325632270618466,0.42154608353656126,-0.1108125602790875
TOX_173,CC173,0.0,1.0,0.0,1.0,1.0,-0.573601772896901,1.0715431522348857,0.4430021304473752,0.2668183962954019,-0.3882430535215389
TOX_174,CC174,1.0,0.0,1.0,1.0,0.0,0.1018562952619867,0.19063559126502433,0.9515497705740428,-0.33912227927003874,-0.05592044852221312
TOX_175,CC175,0.0,,0.0,0.0,1.0,1.5490201514951873,0.9413105807674833,-1.0211624575603002,0.37006111526895535,0.3379575282321183
TOX_176,CC176,1.0,0.0,1.0,0.0,0.0,-1.2391070756539009,-1.0325239035275395,0.47347189903522846,-0.12373268009975662,0.8913036868697555
TOX_177,CC177,0.0,0.0,0.0,0.0,1.0,-1.46752526575244,0.39792704994680894,-0.26764109089879357,0.45780560992578473,0.004229858994151577
TOX_178,CC178,,,1.0,0.0,1.0,0.16476084123651674,1.80930634973311,0.8467707752164937,-0.49693202511797824,0.6188862980231536
TOX_179,CC179,0.0,1.0,0.0,1.0,0.0,0.05088770185601806,-0.21804589539237385,-2.1272274203514954,-0.18256897437954112,1.638359732270941
TOX_180,CC180,0.0,1.0,,0.0,0.0,0.1733416643704082,-0.8476339286190848,-0.099094300241269,-0.9899577925520139,0.38130961226478466
TOX_181,CC181,0.0,0.0,0.0,,0.0,0.24395319790850026,-0.6520888885930607,-0.6028206557839616,-0.0350076100062359,0.3116528560047783
TOX_182,CC182,,0.0,1.0,1.0,0.0,-0.22320225463480511,-1.0896330373423884,0.4322629506341555,-0.8110008636288448,-1.5189108250900678
TOX_183,CC183,1.0,1.0,,1.0,0.0,1.4898634386020821,-0.7847619081277034,0.47004418736820214,-1.1140464501619933,-2.6307301368290634
TOX_184,CC184,0.0,,0.0,0.0,1.0,-1.6009039784765156,-0.370508098590029,-0.7076258948220261,0.25866114785538813,0.38837572923016833
TOX_185,CC185,1.0,1.0,,1.0,,-0.828497024780246,-1.405567019178642,-0.7121738641760436,0.21273977585766032,-0.09482423128087224
TOX_186,CC186,1.0,1.0,1.0,,1.0,-0.10325476014904739,0.015618333949603047,-0.11066536855732945,0.7828737349485725,-0.514782674914742
TOX_187,CC187,0.0,0.0,0.0,0.0,1.0,-1.6431888111541673,0.9022771737866472,-0.8966422273152082,-0.43112556957509907,0.24353020418634463
TOX_188,CC188,0.0,1.0,0.0,1.0,1.0,-0.17585440443207118,-0.9077561801469204,0.8419836954521269,0.4080528468367557,-0.06040372919690829
TOX_189,CC189,0.0,0.0,1.0,1.0,1.0,1.6614701657280182,1.5192839236417688,-0.36920720044744615,0.5507975722736632,1.1277802506338985
TOX_190,CC190,0.0,0.0,0.0,0.0,0.0,0.020886488295961788,0.5107920885275947,-2.9069882193216414,0.44477380783159476,0.0861108682589779
TOX_191,CC191,1.0,0.0,1.0,1.0,,0.23070090571868349,1.0305805856240573,-0.3748220566218061,-0.8256536828021421,-0.7469232850701676
TOX_192,CC192,,1.0,0.0,0.0,1.0,-1.2601647651725802,-0.6578345538521371,-1.0385438208439723,0.1493634822711889,0.990166238959289
TOX_193,CC193,1.0,0.0,1.0,0.0,0.0,-0.6163614080394775,0.8545252270666157,-1.6312758154609455,0.36414029605466136,-0.21713107494620248
TOX_194,CC194,0.0,0.0,0.0,0.0,0.0,-0.375196380323937,-1.091933900395313,-1.2374266382225725,0.007178466907941942,0.5265366836723071
TOX_195,CC195,0.0,1.0,1.0,0.0,0.0,-0.31771509675623405,0.8902475008365087,0.10940847183297006,-2.0864776583710847,-0.47741070619280046
TOX_196,CC196,1.0,0.0,,0.0,0.0,1.2816437950037687,0.17183933979353122,1.3286408282482312,0.16048962397348007,-0.6498268854974364
TOX_197,CC197,1.0,1.0,,0.0,1.0,0.5576910607251245,0.5532512199847837,0.31318447386498,2.212531039397242,0.08416823018569615
TOX_198,CC198,1.0,0.0,1.0,,0.0,-1.111457956937032,-1.1755946056248516,-0.6065033882157397,-0.3600392687569827,0.01282864354368512
TOX_199,CC199,1.0,0.0,0.0,1.0,0.0,0.24650477843200488,-0.8950698422766047,0.4559041951707027,-0.7280770978553212,0.479827035366833
TOX_200,CC200,1.0,1.0,1.0,,,0.49822174849678513,0.5972282182533848,-0.45909031021899177,0.3733485597113982,-0.26864575330974255
TOX_201,CC201,0.0,0.0,0.0,0.0,0.0,1.1401490385212665,-0.9483480042242007,-0.6946003691631446,0.3123782104665717,-1.8363597837703973
TOX_202,CC202,0.0,0.0,0.0,0.0,0.0,1.5805406865683735,0.46320629209912306,-1.1543626682329844,1.1927351654164144,-0.43277388358838864
TOX_203,CC203,1.0,0.0,0.0,1.0,0.0,-1.0150941918278686,-1.3671378064602457,-1.7518288067517191,-1.2578681559088878,0.7938184671438157
TOX_204,CC204,1.0,0.0,0.0,0.0,1.0,-0.8108575112103382,0.8481742126666681,-0.3899237065594453,0.7313802525749924,-0.29737607924310644
TOX_205,CC205,0.0,,1.0,0.0,,-1.2575778589146163,-1.232523314768509,0.15805348992013185,0.5904220612514635,-0.24638340251454802
TOX_206,CC206,0.0,0.0,1.0,1.0,0.0,-0.23401985910698136,0.5522999376795232,-0.09662367001488972,-0.1421465369405461,0.9863765059059371
TOX_207,CC207,1.0,1.0,0.0,0.0,1.0,0.4663583744463345,0.6256309336460009,-0.4159669279473586,0.33868731792169,-0.7119732272589228
TOX_208,CC208,0.0,0.0,0.0,1.0,0.0,0.9873345165891019,-0.6967718184295749,-0.9457460606967811,1.0294574815983573,-1.5428032182428997
TOX_209,CC209,0.0,1.0,,1.0,,-0.07595102364252276,0.5820265670847269,0.6082461916849685,0.8723153800284503,-0.16063111952549436
TOX_210,CC210,0.0,1.0,0.0,0.0,1.0,-0.31984752325484395,0.26044226333355597,-1.317131919946585,-1.1430193120737286,-0.484173951248737
TOX_211,CC211,1.0,1.0,0.0,0.0,1.0,0.15175799224874037,-0.5388418561927383,0.7760279138434754,0.8201581867554845,-0.966246319753254
TOX_212,CC212,1.0,0.0,0.0,1.0,0.0,-0.835142901630023,-1.008554684076208,-1.0022170189267248,-0.06468860503251848,-0.17537845589869072
TOX_213,CC213,0.0,0.0,1.0,0.0,,2.0895387216947734,-1.962625691672579,-0.752435237353035,0.07287409801551539,0.49150564724678364
TOX_214,CC214,1.0,0.0,1.0,0.0,1.0,-1.6076610271180587,0.3496500472996937,-1.466785190615677,0.0731969910016945,-0.009288561567815747
TOX_215,CC215,0.0,,0.0,,0.0,0.18474057889572446,-1.5648027713620551,-0.5014021468856367,-0.15024298879825998,0.30698107268623775
TOX_216,CC216,0.0,1.0,0.0,0.0,1.0,2.0236062192296393,0.0953441994413082,0.9753124584779789,1.191707497107065,1.813407698515423
TOX_217,CC217,1.0,,1.0,1.0,0.0,0.006799844559997769,-0.2634482160822491,0.5156280884439565,-0.08371795984921201,-0.3428788615575641
TOX_218,CC218,1.0,0.0,1.0,,1.0,-0.19003903500149447,0.6791427754381955,0.9784221120280351,-1.1195461283831687,0.2783486346446696
TOX_219,CC219,1.0,1.0,0.0,0.0,0.0,-0.3574454228104272,-0.3020454994898642,0.5221425459339358,-0.39352985596972884,-0.5092133625991345
TOX_220,CC220,1.0,,,0.0,1.0,-0.18039168176240783,-0.3294477863470914,-1.1036698285303692,0.1786947168104756,-0.8463597198869729
TOX_221,CC221,0.0,0.0,0.0,0.0,0.0,1.3728484746765302,0.7318707042882956,-0.33078922432755736,1.2292147842970504,-0.5849076534177698
TOX_222,CC222,0.0,0.0,0.0,0.0,0.0,-2.211861911329507,0.3350580290841175,-0.7801991291174627,0.6030946849488336,-0.47875857152168855
TOX_223,CC223,0.0,1.0,,0.0,0.0,1.5334337012963255,0.3161559571827783,1.3305749040390402,-0.8505352787470439,0.35947579754712555
TOX_224,CC224,0.0,1.0,0.0,1.0,0.0,-1.423957152450145,0.46926758980852623,-1.1967886464263116,2.4851899166788916,2.3490757867007575
TOX_225,CC225,0.0,1.0,1.0,0.0,0.0,-0.2666523292344148,-1.5355721232071058,0.8936976893891109,0.2647753109779796,-0.7160434362758403
TOX_226,CC226,,0.0,0.0,1.0,0.0,-0.42924442029866183,0.756788679986982,0.8929538701087693,1.2753907379990148,-0.4166253056154625
TOX_227,CC227,0.0,1.0,0.0,,0.0,0.5885532697707198,0.6124687940136023,1.8296202017160872,-0.15171443357722914,-0.06312301311124825
TOX_228,CC228,1.0,0.0,,1.0,0.0,-1.5981243518837476,-1.0166831285764972,-0.40968659262949736,0.5333592447054494,0.3957988487097471
TOX_229,CC229,1.0,0.0,0.0,1.0,0.0,0.46217266608194285,-0.2440804736742013,0.7123221595801621,0.8394685045184047,0.26355081195478497
TOX_230,CC230,1.0,0.0,1.0,0.0,1.0,2.0243096232868525,-0.039307287627631186,2.2816518365388427,1.218194711754256,1.2840957939481172
TOX_231,CC231,0.0,1.0,0.0,1.0,0.0,-1.3631740045928105,-0.1344967844017327,-0.6176416769336966,1.057368305378225,-2.4263920705352082
TOX_232,CC232,0.0,1.0,0.0,1.0,,0.18970616761039566,0.33385996656853467,-1.5350402475323597,0.8721970000729778,-2.3869298701956727
TOX_233,CC233,0.0,1.0,0.0,0.0,1.0,-0.6619821777966091,1.4313667818311835,-1.8800100339077637,-0.3150867311941086,-0.4958781720101493
TOX_234,CC234,0.0,0.0,1.0,0.0,1.0,0.42588720619303577,1.0817667276728287,0.7127120288613313,-0.5717460419560614,1.0973001875437087
TOX_235,CC235,1.0,1.0,0.0,1.0,0.0,0.01914777741575206,-1.3122191934314063,-1.8831502080585838,0.33260751032419755,-1.5656480316055963
TOX_236,CC236,0.0,0.0,1.0,0.0,1.0,-0.6414869090443096,0.6220699903060487,-0.37231905293792283,0.9331280723410693,-3.007632339693757
TOX_237,CC237,0.0,1.0,0.0,0.0,0.0,0.487872284871074,1.3289333195354096,0.4373131870389607,-0.22272070077660705,0.5711794062192087
TOX_238,CC238,1.0,0.0,,0.0,0.0,1.804348109786743,0.38680852068920263,0.18517553682991406,1.0651719657143865,0.24365722370271442
TOX_239,CC239,0.0,0.0,0.0,0.0,0.0,-0.19090379172729868,1.090980425185967,0.42544486418417227,1.4526167454861794,-1.0902084067994298
TOX_240,CC240,,0.0,1.0,1.0,1.0,0.7197579421481819,2.012270445700765,0.22228985580085406,-0.9163209190734197,-0.9855396007209299
TOX_241,CC241,,0.0,1.0,1.0,0.0,-1.2932729578711637,1.0237095461069814,1.2788658133133932,-0.8369207037962799,-0.9697437196346744
TOX_242,CC242,,1.0,1.0,1.0,0.0,-0.9564363768180087,0.24930859564172886,-0.952316380738797,-0.14037505890533644,0.11053531747394013
TOX_243,CC243,0.0,1.0,1.0,0.0,,0.47240627788037737,1.0450884740847535,-0.6769951384585313,0.3076126681891964,-0.626315276183007
TOX_244,CC244,0.0,0.0,1.0,0.0,1.0,1.484116028535965,0.14488783309689118,-0.772659445270824,-0.524567013767051,0.49406391897551966
TOX_245,CC245,,1.0,1.0,0.0,0.0,0.35561334878566,0.02390304328495547,0.8301918118626102,1.3522026788671444,-2.854626662904391
TOX_246,CC246,0.0,0.0,0.0,0.0,0.0,-0.31305803052315434,-0.35141423571373254,0.9003985883950636,0.4240668615184512,-0.8568518651277993
TOX_247,CC247,,1.0,0.0,0.0,1.0,-0.0007085945766459172,1.5634133588321082,0.4512253193185082,0.03944704824073949,-1.1260539609110503
TOX_248,CC248,,,,1.0,0.0,-1.2504077339697175,-0.8184286659420014,1.1834936668899279,-1.4359095238685275,-0.2563406783724922
TOX_249,CC249,1.0,1.0,1.0,0.0,0.0,0.6045153263553668,1.532367724678116,-1.1780408673763807,-1.3158158164275071,-0.5380477584901385
TOX_250,CC250,0.0,0.0,1.0,1.0,0.0,0.8823330623234091,0.49986412374037137,1.667224111551137,0.2810092502818063,0.7978437798957666
TOX_251,CC251,0.0,,0.0,0.0,,-0.45209033283308037,-1.3993061748019415,1.5232386217122582,-2.132595626154836,-1.8593367716600575
TOX_252,CC252,1.0,1.0,0.0,0.0,1.0,-0.4700421477595015,0.3676492929914216,0.7356219972457467,1.0126374096440718,0.045491476330752
TOX_253,CC253,0.0,0.0,0.0,0.0,1.0,0.2658782296520485,-2.100026507651624,1.78179890877106,-0.1581538443723203,0.5583364232117055
TOX_254,CC254,0.0,0.0,1.0,,1.0,-0.4367197360405955,0.6255080168310357,-1.6566232076777738,3.2430929695947333,1.8566474365619547
TOX_255,CC255,0.0,1.0,0.0,1.0,0.0,-0.06613261462582246,0.885231482988991,-0.5244481362626519,2.3079162506161106,-0.4817659710934752
TOX_256,CC256,,1.0,0.0,,0.0,2.0997217891665154,-0.5923559556520536,-0.7353034606819523,-0.18144906924751675,0.32445860435251705
TOX_257,CC257,1.0,1.0,0.0,0.0,0.0,-0.24702570074599667,0.12354769595558233,0.7214793237573432,-0.10633700253131496,-1.803862792562365
TOX_258,CC258,0.0,1.0,0.0,0.0,0.0,-0.3583401520212222,1.9541574337502863,-1.0501407396021456,0.9955815140020298,-2.391956204313024
TOX_259,CC259,0.0,1.0,1.0,1.0,0.0,-0.6475418056351592,-0.5057467042619367,0.7574951493374855,1.7031726099180378,0.8447743757816999
TOX_260,CC260,1.0,0.0,0.0,0.0,1.0,0.7441919714999368,-1.0589075870566005,1.3705361439967134,-1.6380290574360168,-0.005560293648070566
TOX_261,CC261,,0.0,1.0,1.0,1.0,-0.181224173218103,1.4816634024625988,0.6952029000839993,-1.7863754653546866,1.1785126897984228
TOX_262,CC262,0.0,0.0,0.0,0.0,1.0,-0.649373038321426,1.9625871905307948,0.2837510236615011,-0.6220348055543814,-1.3734028889697492
TOX_263,CC263,0.0,1.0,0.0,0.0,0.0,1.321304032273012,0.0036956718478473255,-0.9878733409007492,0.5827375831738644,0.5199021395287525
TOX_264,CC264,1.0,0.0,0.0,0.0,1.0,1.4196030045136372,1.0114630354083562,-0.8468509661253646,0.4968735905075971,1.8688178405438531
TOX_265,CC265,1.0,1.0,0.0,0.0,1.0,-0.6004235657387051,1.341475915530881,1.2496189052966666,1.0697714549838502,0.4197056083572659
TOX_266,CC266,1.0,1.0,0.0,1.0,0.0,-1.8665399513606162,-0.742484232538384,0.7793490039053323,-1.1996975283653082,0.27658150559104877
TOX_267,CC267,1.0,1.0,0.0,0.0,1.0,1.0075136898369221,-0.4853058353678683,-0.03901951937754412,-2.3161438629688766,0.008556080824349832
TOX_268,CC268,0.0,0.0,1.0,0.0,0.0,-0.684629825760004,1.230874513154735,-0.41790954576589057,0.8580141953021454,-1.5708814571259122
TOX_269,CC269,0.0,1.0,0.0,0.0,0.0,0.7906255991627686,1.6850142787085094,-2.025807873111377,-0.8281962729652346,1.355572935710348
TOX_270,CC270,1.0,0.0,1.0,0.0,0.0,-1.9701038177118355,0.5628808601743548,-1.0708524186844388,-2.018487864388638,-0.6108576398050658
TOX_271,CC271,1.0,1.0,1.0,1.0,0.0,0.8925973382993092,-0.8798143535020543,1.9114190871397234,0.14506374595938162,0.5044832563830169
TOX_272,CC272,1.0,0.0,1.0,1.0,0.0,-1.2111719292807812,1.9870611116994412,-1.2804555710024668,0.7931756882186773,-1.5630343065712535
TOX_273,CC273,,0.0,0.0,,1.0,0.7307641190665245,-0.5309708978119645,0.18947982122108065,-0.12205713212127726,-1.1794596645077804
TOX_274,CC274,0.0,1.0,0.0,1.0,,0.014273067836434106,-0.33513778117145177,1.0074439731951985,-0.45784838618248924,1.4350873992222355
TOX_275,CC275,0.0,0.0,0.0,0.0,1.0,-0.9539394193966448,0.34233783448962146,-1.2549226680022925,-0.15936223214590656,-0.34730228895784293
TOX_276,CC276,1.0,0.0,0.0,1.0,1.0,-0.4070363129267805,1.5541604207147741,0.1847104747810833,-0.37058276240078286,1.4532754760425446
TOX_277,CC277,1.0,1.0,,0.0,0.0,0.6863184569567008,0.8539759765522237,0.937915537510655,-1.3480471119401671,-0.07823065905851781
TOX_278,CC278,1.0,1.0,0.0,0.0,1.0,0.10589445311523424,0.41486550036191044,0.012499321907250335,-0.7146806769904318,-1.8418977729578574
TOX_279,CC279,1.0,1.0,0.0,1.0,0.0,0.5844129804724842,0.4632885301181062,2.8684030556667683,0.5212799050138145,0.8920675997317206
TOX_280,CC280,1.0,1.0,1.0,0.0,0.0,1.9764405845154855,0.04351466864346608,-1.6685992588781953,0.3216785413765001,-0.5898923177556078
TOX_281,CC281,0.0,1.0,1.0,,0.0,-1.5642416117110514,0.5581395145185063,1.0587285298838789,0.16805980596682024,0.6986888135170435
TOX_282,CC282,0.0,0.0,1.0,0.0,0.0,1.617212574968624,-2.529560077694303,-0.17280173739646437,-0.9951484818533795,0.025210867540082116
TOX_283,CC283,0.0,0.0,0.0,1.0,0.0,0.10435593752321293,-0.29660745906979835,0.7719201548366751,-0.18150316213566714,-1.5431182279428703
TOX_284,CC284,0.0,0.0,0.0,1.0,0.0,-0.8987840483231282,0.241321934916781,0.44130715169924584,-2.1770650464428547,0.16429476537056906
TOX_285,CC285,0.0,,0.0,1.0,0.0,-1.3303136257389898,-1.151014083619507,-0.7331561971099966,0.17847666388538974,2.196223142152799
TOX_286,CC286,0.0,1.0,0.0,1.0,,-0.1891203907770335,0.38632331781156,0.22899639245934025,1.4288577078135674,0.4929864585144592
TOX_287,CC287,0.0,0.0,0.0,1.0,0.0,0.9216501119244593,-0.20447122098612153,-1.8579014513982872,-1.4741321320421057,-0.05751775300546313
TOX_288,CC288,0.0,0.0,0.0,0.0,0.0,-0.12754912037753421,1.75547569831549,0.6032475005713938,-0.5859276733177553,1.0753434019568977
TOX_289,CC289,0.0,,0.0,1.0,0.0,1.5111549302473475,1.5730197252148563,0.29815846599052565,0.32910677871012955,0.2106684652031108
TOX_290,CC290,0.0,0.0,0.0,0.0,1.0,-1.4511756900515589,-0.46580556911816284,0.6386601686431024,1.2528426344274837,0.20953423026279433
TOX_291,CC291,0.0,1.0,0.0,1.0,0.0,-0.01208894784605456,-0.15083771156669531,1.0581183250871502,-0.4482246163001494,-1.0916251721591026
TOX_292,CC292,1.0,1.0,1.0,1.0,0.0,-1.252393444413119,-0.0739475656083926,0.3676198402097109,-0.6922503292658964,0.23384802578959837
TOX_293,CC293,0.0,1.0,1.0,1.0,0.0,0.3636318826249679,-0.4516594761596227,0.1480894197982762,-1.9689231424160831,1.0354434164169448
TOX_294,CC294,0.0,0.0,1.0,0.0,0.0,0.8868873900973003,0.19502498402812674,-0.8810683366612923,0.10343812930810638,-0.8360621521000247
TOX_295,CC295,0.0,1.0,0.0,0.0,0.0,-0.42076179368105326,-0.7582820688875902,-0.712220763649051,2.042076040143744,1.4244958212469476
TOX_296,CC296,1.0,,0.0,1.0,0.0,-2.6042138566271342,-1.1306153349375263,1.186734620177331,0.2773584619646759,-0.09170602414512598
TOX_297,CC297,0.0,1.0,0.0,0.0,0.0,0.19894814679649453,0.6227112239002686,1.4363354057059785,-0.022278979183713316,-0.8877695115385407
TOX_298,CC298,1.0,1.0,1.0,0.0,0.0,0.4367385517335095,0.6295295842218108,-0.23811043631205406,0.32208231076698546,0.9976320769202445
TOX_299,CC299,0.0,,1.0,0.0,0.0,0.40429475496169764,-0.8043157596599924,0.04600274725327412,-0.01109200394860206,-0.2867942357382693
TOX_300,CC300,0.0,1.0,0.0,,1.0,1.235782191822154,0.8953554307625996,-0.9046143749937661,-0.8130143722601298,0.7595148874861078
TOX_301,CC301,0.0,0.0,,1.0,0.0,-1.0710536796490489,-0.6315777291653314,1.1727568452674448,0.8232799156777053,-0.29175863225853715
TOX_302,CC302,0.0,1.0,0.0,0.0,0.0,0.6802161054504494,0.2531652380379812,0.6654168236917787,0.2257615231117544,-0.059826143529903696
TOX_303,CC303,1.0,1.0,0.0,0.0,0.0,1.192507512477975,0.820344012612456,1.9412174364637491,0.017613251933657315,0.4935602043342916
TOX_304,CC304,1.0,0.0,1.0,0.0,,-1.7785875840065168,-0.03361256470371301,-0.8783230771797389,-0.97536602727825,0.2908970575900059
TOX_305,CC305,,1.0,1.0,1.0,0.0,0.31965182591897723,0.4547409121411344,-0.3780078990182172,1.3035079319347591,-1.9955317804517385
TOX_306,CC306,0.0,,1.0,1.0,0.0,-0.5041798310076715,-0.5164296438875717,0.2314459225255723,0.6647027453331099,-1.1212437400943918
TOX_307,CC307,0.0,,1.0,0.0,1.0,-0.08152267310164589,-0.19646658342809717,0.6464895377257707,-0.552920837367302,0.9294099847908155
TOX_308,CC308,1.0,0.0,0.0,0.0,0.0,0.34767648353833636,-0.20585943088034037,-0.21566763754763232,1.0018248536819372,-0.13213658890154725
TOX_309,CC309,0.0,0.0,1.0,0.0,0.0,-0.4872285641135523,-0.7465783465402389,-0.8729610904537004,-0.49757083838520716,-0.5237313027714218
TOX_310,CC310,0.0,,0.0,1.0,0.0,-0.6757080791616118,-0.1767741631157821,0.8814075289235711,-0.782003492511037,-1.3585740152574743
TOX_311,CC311,0.0,1.0,1.0,1.0,1.0,0.0341524174880246,-1.5486182988637467,0.7211353625455816,-0.7597031174802871,-1.0797363212758484
TOX_312,CC312,0.0,0.0,0.0,0.0,0.0,-1.0872459388628026,-0.4911537471421047,-0.9162741005637249,-1.7710685530880912,-2.0217986399619474
TOX_313,CC313,,,1.0,0.0,1.0,-1.0858251288851855,-0.28487549336967083,1.3554428011054958,0.47154238041820573,-0.10128071870153288
TOX_314,CC314,1.0,1.0,0.0,0.0,,0.6793732829565033,-0.2561797524953801,1.1701987091966037,-1.8311448783383502,-0.5984375805810469
TOX_315,CC315,1.0,1.0,1.0,,0.0,-1.148794035158656,-0.24149744587077882,0.13429649724779288,-1.2284438312657626,-0.9665878909853152
TOX_316,CC316,0.0,1.0,0.0,0.0,0.0,0.6663125009092119,-0.061764199860128925,0.07959786237603639,-2.0755880090785332,-0.0681234251679531
TOX_317,CC317,0.0,0.0,1.0,1.0,0.0,0.4625912928539512,0.4794415180860639,0.5540577711159071,-0.08606969279089306,0.3639706308527381
TOX_318,CC318,0.0,0.0,0.0,1.0,0.0,-1.7258067287905967,0.8745170741325226,-0.8617030702562581,-0.15032046027187207,2.0931979322099448
TOX_319,CC319,0.0,0.0,0.0,0.0,0.0,-0.6775646523356551,-0.6497652268482671,0.03003147916408217,-0.32669621318636405,-1.5118834195632136
TOX_320,CC320,0.0,1.0,0.0,0.0,,1.1941094030473725,-1.2032008553891445,-2.1523835446091804,-1.0425776946705763,1.159381043300522
TOX_321,CC321,1.0,0.0,0.0,0.0,1.0,-0.9811655311396816,-1.042044412243103,0.8764556455029355,-1.17223375343664,0.973101561015072
TOX_322,CC322,1.0,0.0,1.0,1.0,1.0,-0.46440426230938764,-0.48720292119492714,-1.5614932224418594,0.46436986354657417,-0.7790927393767005
TOX_323,CC323,0.0,0.0,0.0,1.0,0.0,0.4620608932518965,-0.3519213178165091,1.503419828428999,-0.5505519317084877,0.20323595458603103
TOX_324,CC324,,1.0,,1.0,1.0,0.7833905092825955,-0.7699960661974573,-0.3301200939664503,0.31635832153614474,-0.45763324933761523
TOX_325,CC325,1.0,,0.0,1.0,,-0.2515388860444957,-1.2961166642498945,-0.2116669819311769,-0.8852486861242225,0.18568858041873892
TOX_326,CC326,0.0,0.0,0.0,0.0,1.0,-0.5975101946916416,-0.4561208274741882,-0.6277339060845056,0.18106274277108234,1.5091310134045506
TOX_327,CC327,1.0,0.0,1.0,,0.0,1.4223698616985077,0.18142662011397137,-0.2880388739220764,1.3032780373160637,0.605606232631313
TOX_328,CC328,0.0,1.0,1.0,1.0,1.0,1.7388996637975789,0.5950294658355647,1.4185313451480366,0.5861658003927833,0.508608373233442
TOX_329,CC329,0.0,0.0,0.0,0.0,0.0,0.9788580507817954,-0.5574230531083212,-2.4878086565350794,-0.4124138182164804,-0.4303093199546424
TOX_330,CC330,0.0,0.0,1.0,,0.0,0.08531814256502405,-0.41299782214343406,1.2769653860881878,0.25719897035592737,-1.4840566649243352
TOX_331,CC331,1.0,0.0,1.0,1.0,0.0,-0.8082657216409264,-0.9266983088473107,0.33802348110170816,-0.24066517453021302,-0.2084682105404079
TOX_332,CC332,0.0,0.0,0.0,1.0,1.0,-0.8304444065565653,-0.03143917037477642,-1.2070216478572156,0.007880184694728152,1.2066081548639151
TOX_333,CC333,0.0,0.0,,1.0,1.0,0.5225141052657575,-0.8484286341908146,-1.0753123930492379,-0.3256110521485036,-1.5271678565896476
TOX_334,CC334,0.0,0.0,,1.0,0.0,0.4183982208886837,0.5731278132412001,1.676393027208203,-0.1643352058853912,-1.055089368176695
TOX_335,CC335,0.0,0.0,1.0,1.0,0.0,1.4015985929464294,-1.7858664919341112,-0.9455068799427312,0.21209335307417523,0.12626773623406817
TOX_336,CC336,1.0,,0.0,0.0,0.0,0.6504500925361392,-0.3596296724524624,-1.1533505105959594,-0.9933586995819507,-0.9846547848472624
TOX_337,CC337,1.0,0.0,1.0,0.0,0.0,-1.503080301759818,0.3011073391917421,1.1373145423647293,-1.0158788269899783,-0.7925234471152126
TOX_338,CC338,0.0,1.0,0.0,,0.0,1.0519476177229186,0.18383451632250436,0.33855287628591424,-1.388542553831211,-0.4235985817281771
TOX_339,CC339,0.0,1.0,0.0,0.0,0.0,-0.9980606273144129,2.6930336639804966,-0.9379255765363989,-1.60027110450371,-1.3656174041901494
TOX_340,CC340,0.0,0.0,0.0,0.0,1.0,-0.3839712719523516,0.34980002456790754,0.216624975404619,-1.2172826922204794,-0.9741218462163683
TOX_341,CC341,0.0,1.0,0.0,0.0,0.0,0.2502002062516945,-1.0040545968420103,-1.0257526836402773,0.15946250680412918,0.7034279167873088
TOX_342,CC342,0.0,0.0,1.0,0.0,0.0,1.9956674897839644,-0.09546424708907303,1.1008213984226052,-0.8927875154918841,-1.307369782230964
TOX_343,CC343,0.0,,1.0,1.0,0.0,3.109918556005361,-1.7762463334664518,1.0613709648731335,0.5136144642310962,-1.5978721344948377
TOX_344,CC344,0.0,0.0,1.0,,,0.6067230591361827,-0.08059974929676088,0.5320061988219431,0.03471374875256186,-0.6300249795338944
TOX_345,CC345,1.0,0.0,0.0,0.0,1.0,-0.18319661872038787,-0.8330560570007587,0.3616610612470166,-1.9685042134380537,0.7319555025098458
TOX_346,CC346,1.0,0.0,0.0,0.0,1.0,0.5345056484805503,0.9153902755601617,1.7611881248673737,0.6549755842216898,-0.19692180799688955
TOX_347,CC347,0.0,,0.0,0.0,0.0,0.8876554258738361,-0.5495402745955349,-0.0003136726117747121,0.8107986455917099,-0.46458107811561833
TOX_348,CC348,0.0,1.0,,1.0,0.0,-0.3206676255571917,-0.11676591579524663,-1.1818741254208012,-0.9938626748348534,0.04435879751560705
TOX_349,CC349,1.0,1.0,0.0,1.0,0.0,1.7952113559123222,-0.6355578414044034,0.44947391283230687,0.4201915428949916,-1.745707432859652
TOX_350,CC350,0.0,0.0,1.0,0.0,1.0,0.23007075919140207,1.7388513518533313,2.0860470495371137,-0.856498237409199,0.49470565377503245
TOX_351,CC351,1.0,1.0,1.0,1.0,,0.49774308909139425,-0.3212427661179117,-1.0147594931858521,0.0976703767483354,0.38343503140364416
TOX_352,CC352,1.0,0.0,0.0,1.0,1.0,0.6659242520544614,1.8325570434792018,-0.36146276669398575,-1.2644984069549656,-0.40930847409572124
TOX_353,CC353,0.0,1.0,1.0,1.0,1.0,0.4215866106144557,0.8141517621182666,0.41644603810145264,-1.7931064525345768,1.0059245117964166
TOX_354,CC354,0.0,0.0,0.0,,1.0,0.8389405004696122,0.48206672733538614,-0.05390484900573916,-0.3828171896129687,-1.1274960989530387
TOX_355,CC355,1.0,0.0,1.0,0.0,0.0,-0.6172531865469232,0.3687331473175197,-0.9823035803773146,-0.12372894627483615,1.127908993253569
TOX_356,CC356,0.0,0.0,,1.0,,-0.5583017539460305,0.39379729821625153,1.1218578562304709,-0.39767969361460404,0.15449366559525113
TOX_357,CC357,0.0,0.0,0.0,0.0,0.0,-1.100154232971695,-1.92767257934561,2.3200407220172594,-1.1840305582225594,-0.3365525898781734
TOX_358,CC358,,1.0,0.0,1.0,0.0,0.4395012306202264,-0.2788833941507565,0.19613145902390733,-0.3998990621311371,-0.01987363536831157
TOX_359,CC359,0.0,0.0,1.0,1.0,0.0,0.7789365035121141,0.8451579711843216,-0.9040682897360003,0.269294752580734,-0.10726476581094174
TOX_360,CC360,0.0,1.0,,1.0,0.0,0.4577728661518858,-0.04889718347410554,-1.548960525053475,-0.04489303012253698,1.220282896417717
TOX_361,CC361,1.0,0.0,0.0,1.0,0.0,1.6744924333475373,-1.405189846803575,0.2579759812211809,0.1825010305992134,-1.0766791274710135
TOX_362,CC362,0.0,1.0,1.0,0.0,0.0,-0.005596018829046555,-0.05240445057746945,1.1038773433162576,-0.6701152004542329,-0.7625192391465982
TOX_363,CC363,0.0,0.0,1.0,1.0,0.0,0.6687416555925126,1.7041055162554912,0.4751677464953816,1.1717179147161596,1.0363028920724797
TOX_364,CC364,,0.0,1.0,,0.0,-1.0917008761393143,1.2468917155347194,-0.002403840918853844,-1.1761733365547806,-0.5955349351838592
TOX_365,CC365,0.0,1.0,0.0,,0.0,-0.387099702474401,-0.062004009366031745,-0.5892716517893062,0.4875602970867186,0.9005330773315916
TOX_366,CC366,,0.0,1.0,0.0,0.0,0.6955377575657775,0.9514492770580866,-1.0921636327180897,1.1818910929599615,1.6994359830087096
TOX_367,CC367,,0.0,,0.0,0.0,0.849102110743144,-0.36650702036805183,0.8347513263248821,0.4809080927488954,-0.40179502694163366
TOX_368,CC368,0.0,1.0,0.0,0.0,0.0,-0.29396694766418224,-1.703871586826719,0.9137716213855857,-0.20252422706483003,0.6813623265753054
TOX_369,CC369,0.0,,0.0,1.0,1.0,-0.07159925185806683,-0.9244659881295544,-1.5457297866907331,-0.5282970466629792,-1.1536922813398585
TOX_370,CC370,0.0,0.0,,1.0,1.0,-1.5178737466808094,1.5628887685081978,1.5898389781806839,1.036087651046256,0.7547332980678092
TOX_371,CC371,0.0,0.0,0.0,0.0,1.0,-0.3570292008066094,-0.2739930818293042,0.5740712208940013,-1.422974925261673,0.1994239859867671
TOX_372,CC372,0.0,1.0,1.0,1.0,1.0,0.8903831635197862,-0.24338397937501807,1.3995946451457935,-0.9701242603796436,0.4730382821602152
TOX_373,CC373,1.0,0.0,0.0,1.0,0.0,0.5752050161065663,-0.29983819627488056,-1.342127748485115,-0.3975577654917214,-0.645572072035395
TOX_374,CC374,0.0,0.0,0.0,1.0,1.0,0.5006657213812097,1.904136589573007,-1.365824155415439,1.2376537575119981,-1.6610834155671725
TOX_375,CC375,0.0,0.0,1.0,1.0,0.0,0.04977368718096008,1.6259589153620633,-0.14896930976729691,0.37976763604089603,0.5032520647495048
TOX_376,CC376,1.0,1.0,0.0,1.0,0.0,0.007063158628176452,2.218780233448134,0.5027844268951942,-0.9680457585102453,-2.0634031524794545
TOX_377,CC377,0.0,1.0,0.0,1.0,1.0,-0.6603211394734471,-0.1590452104000513,1.7963608229269636,-0.31030770538490365,-0.3173504922425348
TOX_378,CC378,1.0,0.0,0.0,0.0,0.0,0.6988284202025348,0.29562448874709507,0.7060789138151315,-0.6143231440962944,0.9411818664199697
TOX_379,CC379,0.0,0.0,1.0,1.0,1.0,0.4209729443893898,-1.5166425494207911,-0.24268127681203333,-0.7097889922335351,0.19189773587303607
TOX_380,CC380,0.0,0.0,0.0,1.0,1.0,0.49201884799279927,1.4769344261182744,-1.0263692076658921,0.9788895585567792,1.9483426447898131
TOX_381,CC381,1.0,1.0,0.0,1.0,1.0,-0.5260348426675804,-1.167779551267935,1.23000057271915,-1.3717431292635056,1.0251091525817735
TOX_382,CC382,1.0,0.0,,1.0,,-2.1533429198712444,0.2167755637626291,-0.9647054257507148,1.6087808557343735,-0.6538983883255765
TOX_383,CC383,1.0,0.0,0.0,1.0,0.0,1.0971527117536957,-1.097302527632844,1.6284685547723217,0.8282296901846228,0.02731337985143867
TOX_384,CC384,1.0,1.0,1.0,0.0,0.0,-0.47883745600840416,-0.5888668267386961,-0.28438464960650933,1.090861670603698,-0.04737070254443595
TOX_385,CC385,1.0,0.0,0.0,0.0,0.0,-0.8627757640431206,-0.8372624310497003,1.5905820726178503,-0.4629395120252583,-1.5821767633461272
TOX_386,CC386,0.0,1.0,1.0,0.0,0.0,0.6934789119139937,-0.6078752606758179,0.6789312900592783,-0.14994071907910936,-0.9403989164843533
TOX_387,CC387,0.0,0.0,0.0,0.0,1.0,-0.3920126399191296,-0.5391227031489786,-0.13699548944245826,-1.433151814524712,-0.5607609069798603
TOX_388,CC388,1.0,0.0,,1.0,1.0,1.0599363840466218,-0.5482687949250771,-0.5193963718261266,-0.524662407066803,-2.0362205028559366
TOX_389,CC389,1.0,0.0,0.0,,1.0,0.6170059495766975,0.8333339117803071,-0.3409078773460798,0.4936548476431509,0.047493468251642953
TOX_390,CC390,,1.0,0.0,0.0,0.0,0.6835693232004776,-1.10486279306252,0.4283166923752375,1.2960630617813962,-0.24907184465304072
TOX_391,CC391,0.0,1.0,0.0,0.0,0.0,-1.3659557112005343,0.22054142701386686,0.07715649621771674,-1.1071568168024517,-1.6728939013115742
TOX_392,CC392,0.0,1.0,0.0,1.0,0.0,1.2119439853864005,1.2179591523055584,-0.5938114080687051,-0.36550593698526584,0.4042128652773321
TOX_393,CC393,1.0,0.0,0.0,0.0,0.0,0.26125053123385605,-0.513196364513396,-0.16563141031763223,-0.15129922023252232,0.7158727446909595
TOX_394,CC394,0.0,1.0,0.0,1.0,1.0,-0.36927713924620315,-0.7179188907476018,0.0785770297191498,-1.3957892021924851,0.2270344788648889
TOX_395,CC395,,0.0,1.0,1.0,0.0,0.14338846734225108,-0.23052462518025083,-2.128734094414812,0.5913492417584003,-0.3240681752089702
TOX_396,CC396,1.0,0.0,0.0,1.0,0.0,-1.77623523289832,1.1797252083607102,0.4581681147886987,-0.7239903317426091,0.5914421517518549
TOX_397,CC397,0.0,1.0,0.0,0.0,0.0,0.40865281148067084,0.1941076309533577,-0.9797212247168068,-0.19539035117702397,0.6802203604766911
TOX_398,CC398,1.0,0.0,1.0,0.0,1.0,-1.0293715081820716,-0.5312142946075985,-1.153332403205745,-0.4519493719118777,0.3074035697196884
TOX_399,CC399,1.0,0.0,1.0,1.0,1.0,-1.3526702858435344,0.48387665118803974,-1.6873443471107104,-0.7893385057196743,-0.8246122504347609
TOX_400,CC400,0.0,0.0,0.0,1.0,0.0,-1.5223591862178911,-1.1022921498364233,-1.7938924978678903,-0.0070449854805546995,0.2766007655111807
TOX_401,CC401,,0.0,0.0,0.0,0.0,1.1126883749899252,0.681359510442948,-1.3554475031122892,-0.21560957856802238,1.195480650825479
TOX_402,CC402,0.0,0.0,0.0,1.0,0.0,-0.6292633936927887,0.4086073077017676,-0.7090209576304904,-0.37185788227866556,-0.5966290586117302
TOX_403,CC403,1.0,1.0,1.0,0.0,0.0,1.5337277099164992,-0.3078084711388841,1.9532591375265682,-0.7284616216803428,2.0979393391324312
TOX_404,CC404,0.0,0.0,1.0,1.0,1.0,-0.5358014630522978,-0.838585798447231,-0.5258796758952039,0.31952467078295543,-0.5256309339853844
TOX_405,CC405,1.0,1.0,0.0,0.0,1.0,-1.7073579575929467,-0.8866809222834573,0.17775010626803134,1.653617268492285,0.032407013340136216
TOX_406,CC406,0.0,1.0,1.0,,0.0,-1.1165244399486591,0.5348173363459102,0.4004813865063287,0.13988723283912738,-0.6724855960063362
TOX_407,CC407,0.0,0.0,1.0,0.0,0.0,1.2358116200069387,1.2289805024890619,0.13106518621584873,0.996118214911129,0.22327083592026087
TOX_408,CC408,,0.0,1.0,0.0,,-0.15589817793666752,-0.6373077470287948,-0.07744346072599365,-1.3902219251534627,-1.7422216926352752
TOX_409,CC409,0.0,0.0,1.0,0.0,0.0,-0.5482872964906009,0.45838670355148425,-1.1952937635992447,0.15776143929376948,-0.5460417988167212
TOX_410,CC410,0.0,1.0,0.0,0.0,1.0,0.1600182258527877,-2.0870270186020687,1.4509275482792119,-1.0973683189710666,-1.0921212003485672
TOX_411,CC411,,0.0,0.0,1.0,0.0,0.501782736167545,-0.5846177306571996,1.8071966436378852,-1.4769249275319014,0.1353383478922909
TOX_412,CC412,,1.0,0.0,,0.0,1.1173988159024608,-0.031058932870901952,-1.6826586941226858,-0.7393714074590363,0.9944473755089074
TOX_413,CC413,0.0,0.0,0.0,0.0,0.0,1.4484992298929262,-0.9096834169818336,-1.0240285908863795,1.1918993344135729,0.6460061871145515
TOX_414,CC414,1.0,1.0,0.0,0.0,0.0,-0.35976864578908574,-0.936506374789596,-0.2798103423770061,0.9500158286696456,-2.3716593608588923
TOX_415,CC415,0.0,0.0,,1.0,,-1.3260476860820383,-0.6677795564688862,-0.9645377949101913,0.24300472205439969,2.0420696529278803
TOX_416,CC416,0.0,0.0,0.0,1.0,0.0,-0.413465161123276,0.29219272832637316,0.5059655534558652,-1.5327005598899308,0.2952799406208684
TOX_417,CC417,0.0,,0.0,1.0,0.0,0.26028050658288615,-0.1873290184063747,-0.7282722024066131,-0.1962806513879368,-0.7764991404930003
TOX_418,CC418,1.0,1.0,0.0,0.0,0.0,-0.9637589262106109,-2.238231233324972,2.1650560678066024,0.30170000890173554,0.15712791899094083
TOX_419,CC419,1.0,0.0,,0.0,0.0,-0.9571509148950429,-2.120700152635066,1.190548594343596,0.1755362295785979,0.17618982250269238
TOX_420,CC420,1.0,1.0,0.0,1.0,0.0,0.34378788154988543,-0.6068651778571754,0.2125740306322149,-1.8437935834807457,-0.6668487169515637
TOX_421,CC421,1.0,0.0,0.0,0.0,0.0,-0.04865235157045115,0.45768658605355206,1.0269862633197322,-0.8903178480198718,0.1979166673420755
TOX_422,CC422,0.0,1.0,0.0,1.0,1.0,0.03279699541158651,-2.7475048427252347,1.105900424357309,-0.06407776414871663,-0.6074722876203072
TOX_423,CC423,0.0,1.0,0.0,0.0,0.0,-0.7584953347000695,-0.4997301761516306,-0.5639474880582432,0.5362909095171899,-0.40436199269002276
TOX_424,CC424,0.0,0.0,,1.0,0.0,-0.23040071420576733,-0.5262478565174211,-0.8162172445419648,-2.1961278210999464,-0.6862791357550845
TOX_425,CC425,0.0,0.0,,0.0,,-0.9242331442683044,1.3883377782084478,0.07814306296964744,-0.16212397547985843,-1.4326712897396527
TOX_426,CC426,0.0,0.0,0.0,1.0,0.0,0.8901984111247868,-0.38502181171286365,0.861636124497944,0.14304876987895235,0.1458364702153839
TOX_427,CC427,1.0,1.0,,0.0,,1.0352493347237526,0.38298898474092846,0.13906039865341766,0.8496119885162131,0.5852994365163381
TOX_428,CC428,0.0,1.0,1.0,1.0,0.0,-1.8461878622380938,0.14125714008746323,-1.5769964821909972,0.6928575842374367,0.5148835960763722
TOX_429,CC429,0.0,0.0,1.0,0.0,1.0,-0.92951086019241,-2.1305664798072006,-0.8028244439508423,0.5825713188088052,0.8199252526352343
TOX_430,CC430,0.0,0.0,0.0,1.0,1.0,-1.496529255090079,0.7682072166317373,-0.07397286359437803,-0.7999405067019342,0.3243402100148682
TOX_431,CC431,1.0,1.0,0.0,1.0,1.0,-0.6500239344068982,0.21539650545628794,-0.07566560432583026,-1.9080021371233076,-0.5327254982169035
TOX_432,CC432,1.0,,0.0,1.0,,-0.08343796979036086,0.5082686396745896,1.9725421767898081,-0.39305275706140097,0.8396638644311888
TOX_433,CC433,0.0,1.0,1.0,1.0,0.0,-1.44964521969853,3.9262377064363267,-1.385987942398998,1.00163182520856,-1.357517539841935
TOX_434,CC434,0.0,0.0,0.0,1.0,,-0.9218598131253132,-2.0841129394985884,0.5055892418358746,1.3934545275244314,-0.9006713825124801
TOX_435,CC435,1.0,0.0,0.0,1.0,0.0,-1.0039573720814985,1.7246966497611085,1.4891131083282896,0.7105491022977853,-0.9642000714232447
TOX_436,CC436,0.0,0.0,0.0,0.0,0.0,0.20726732939894396,-0.28744751940035557,2.271449745422796,0.42934082280173436,1.0800560591393102
TOX_437,CC437,1.0,,1.0,1.0,0.0,0.06934433703625043,0.2873289044030093,-0.40439742318396127,0.3796396483859655,0.9427885141400756
TOX_438,CC438,1.0,0.0,0.0,0.0,0.0,-0.7217375533372533,-0.04551224530124217,0.4914294527201998,-0.5561187467607805,0.48730523704499484
TOX_439,CC439,0.0,1.0,1.0,0.0,0.0,0.17682087213939798,-0.4242363333980435,0.5697603571986469,-0.13006029355362003,1.0719298652117972
TOX_440,CC440,0.0,0.0,,0.0,0.0,-0.5466800845872654,-0.5698329282387588,0.19548173155329082,1.669069525826331,-0.8792827824119881
TOX_441,CC441,,1.0,0.0,0.0,0.0,-0.2716551103260533,0.32950873557300914,-0.09884520123930605,-0.9425580057918763,0.3485951198609804
TOX_442,CC442,0.0,1.0,1.0,1.0,1.0,1.673452090298537,-1.5171736966716791,0.4359753895000459,1.6147787907098514,-0.12517442838316423
TOX_443,CC443,0.0,1.0,0.0,1.0,1.0,1.340461051790348,0.7505791675217656,-2.5322460852196853,-0.3220281544920584,0.8468821038849139
TOX_444,CC444,1.0,0.0,1.0,1.0,0.0,-1.2995812369275976,-0.41619440488525394,0.6820694900626313,1.3254321090950785,-0.11522423255219759
TOX_445,CC445,,0.0,0.0,1.0,0.0,0.8297324178791745,-1.1300693390403578,0.12617790366196718,-1.4068150094975382,-0.3849428884100812
TOX_446,CC446,,0.0,1.0,0.0,0.0,0.8113965544915921,-0.4500128579958137,-0.22247489677826537,0.5859042011646491,0.54090851856099
TOX_447,CC447,1.0,,1.0,0.0,0.0,-1.1482632887526183,1.2571492168625729,2.046862195719558,-0.736770135947622,0.8761691671912328
TOX_448,CC448,0.0,1.0,,0.0,0.0,0.8187776437548606,-0.5353350870162231,-0.6749340187905523,-1.4152671919241875,-0.6683451948468017
TOX_449,CC449,0.0,1.0,1.0,0.0,0.0,1.5379319184125528,0.35845361820962024,-0.4030759890650308,0.21853404241094568,-0.0610756713523761
TOX_450,CC450,1.0,1.0,0.0,0.0,0.0,-1.1225448062444139,-0.7309562757154733,1.991553302204734,1.0094717885959688,-1.0584406336416528
TOX_451,CC451,0.0,1.0,1.0,0.0,,-0.9175028210142636,0.7579218499236196,-0.8320613048498566,-0.8449414385934964,-2.4980610174929394
TOX_452,CC452,0.0,0.0,1.0,1.0,0.0,1.0176614668435024,0.6855077387902041,-0.5501152829365389,-1.4990159604584012,0.200459631413729
TOX_453,CC453,,,1.0,1.0,0.0,0.271495310825648,1.8486088332964115,-0.14702542343084998,-0.09184476433495513,0.6089053562546319
TOX_454,CC454,0.0,0.0,0.0,,0.0,0.5514762752395233,-0.1755639454992155,0.8407344821295493,-0.08743532877718108,0.2620668090867255
TOX_455,CC455,0.0,0.0,,,0.0,0.3405892164004968,0.6686548047579066,0.2078025073533134,0.5483196275544987,-1.9495617177543672
TOX_456,CC456,0.0,1.0,1.0,1.0,0.0,0.39069592092814415,0.09806753953894455,-1.2926253471522626,0.9495945713644882,-0.35084943007647457
TOX_457,CC457,0.0,0.0,1.0,0.0,1.0,-1.326472128311083,1.2958717818630143,-0.5321685631271895,-0.059415181272494094,-2.2183477600510813
TOX_458,CC458,0.0,0.0,0.0,1.0,0.0,1.0473177066214483,-0.7188323876087304,-0.6073544332122114,1.855503314794263,1.3697011076541847
TOX_459,CC459,0.0,1.0,1.0,1.0,0.0,1.1695899924277735,0.7450053128772811,-0.07722104522304557,0.22423474453529177,-1.086054582118086
TOX_460,CC460,0.0,0.0,0.0,0.0,,-0.22939074406802776,-0.19469729611668168,0.4258436586298291,-0.3464265060068996,1.2554036094598964
TOX_461,CC461,1.0,1.0,1.0,0.0,1.0,-0.04347694981386243,-0.06418817710849775,0.4182057558879721,-1.611567359102828,0.9458696436841456
TOX_462,CC462,1.0,0.0,0.0,1.0,1.0,-1.5311075025557221,0.09175248444837286,-1.7760117540484022,-0.26265952031616774,-0.9005903525360617
TOX_463,CC463,0.0,0.0,1.0,0.0,0.0,0.5142547560178349,0.2522403964266774,1.063940987560856,-0.33638694541113623,-1.132784951267745
TOX_464,CC464,,0.0,,1.0,1.0,0.5720574417141441,-0.11622904312195817,0.2525688459966235,0.9603047962814704,0.35037021638633825
TOX_465,CC465,0.0,0.0,0.0,1.0,0.0,-0.062191016999311004,0.21471318317052634,1.3845320475939062,0.46248362406685406,-0.844324037183071
TOX_466,CC466,0.0,1.0,,0.0,0.0,1.1243533598705027,1.5781180575621845,0.4441983272906719,-1.1793691216326172,0.10248464215820753
TOX_467,CC467,1.0,0.0,0.0,0.0,0.0,-0.3340772309799405,0.9854496856152184,1.1013229577357622,0.1722543864110375,-0.48282759080691834
TOX_468,CC468,0.0,1.0,1.0,0.0,0.0,0.5646059258936003,0.8691545924968965,0.46654531145012695,0.6715311717290534,-1.7811584144656334
TOX_469,CC469,,0.0,1.0,0.0,0.0,-1.0196643386921156,-0.4555395260238707,1.3462257562027482,1.5280313593878327,-2.230468019124459
TOX_470,CC470,0.0,1.0,1.0,0.0,0.0,-0.02355215087423812,-0.8892408282283243,0.5222506360177785,0.8875039674140593,0.22668424849459717
TOX_471,CC471,,,1.0,1.0,,-0.17435425790283585,0.9553005582377528,-0.09791524644290406,0.7608466543114778,-0.5615577463306254
TOX_472,CC472,0.0,1.0,1.0,0.0,,0.22530792204094158,0.8760467925297942,2.2724347204468818,0.06008599461516361,-0.5530898169141323
TOX_473,CC473,1.0,0.0,0.0,1.0,1.0,-0.3695269288333586,1.472670675750982,0.8890371222798921,0.3883120054234496,0.6958638390937854
TOX_474,CC474,0.0,0.0,0.0,0.0,0.0,-0.1314725956716678,-0.6039806259692295,0.5737444210044131,1.2495049007061587,1.1734422766324448
TOX_475,CC475,,0.0,1.0,,1.0,0.8260471714415063,-0.22954865536034708,-1.276304416538336,-1.3327773974796497,-0.2725447213618092
TOX_476,CC476,0.0,1.0,1.0,0.0,0.0,-0.43676423723821745,-1.6394841625254342,-1.2883076174635377,-0.3494393272169559,-0.3405987069098615
TOX_477,CC477,0.0,0.0,1.0,0.0,1.0,-1.6065771007386793,-0.39247110606087293,0.2927154821418534,-0.7725687487562407,0.5001430331138838
TOX_478,CC478,,0.0,1.0,1.0,0.0,1.7495839042054206,0.9965705105794472,0.1455211977682408,0.3791531187261241,-1.3569355696995753
TOX_479,CC479,0.0,1.0,0.0,1.0,1.0,1.3814540786904865,-0.46649537922819795,-0.6141225650083162,1.2302221756507876,0.223153054747697
TOX_480,CC480,1.0,0.0,1.0,0.0,0.0,-1.2922626951056186,0.6404797952008238,0.14098269961206,-0.5969742867210739,0.551885971822154
TOX_481,CC481,1.0,1.0,0.0,1.0,1.0,0.6897078052451944,-0.19050310599781134,1.5886269280435958,-2.390304367469438,0.6802302084176292
TOX_482,CC482,0.0,0.0,0.0,0.0,,-0.5029747705513431,0.32405702822156063,0.6954024745502987,-0.41222074502447015,-1.936752702502465
TOX_483,CC483,1.0,0.0,0.0,0.0,0.0,0.26348721533105957,-1.1476913898156673,-1.1410085097527383,0.9134737320174066,-0.7613552698089406
TOX_484,CC484,0.0,1.0,0.0,0.0,0.0,0.2942241290134937,0.08520944963390106,-0.1115088271429437,0.5376299029498797,-0.8782632528234666
TOX_485,CC485,,0.0,0.0,0.0,,-0.234407800316322,-2.9911359709007233,-0.8049664808525608,0.4281862478105761,0.09988695440921298
TOX_486,CC486,0.0,1.0,0.0,1.0,0.0,-0.7837656655863965,-0.18689615816198485,-0.38769991640856116,-0.27999330187447974,0.48074457976798396
TOX_487,CC487,0.0,0.0,1.0,0.0,1.0,-0.6905410523162594,-1.6304732437151401,-0.41361566562964275,-1.2790307362197864,1.4967104074459814
TOX_488,CC488,,0.0,0.0,0.0,0.0,-0.9161919154812425,1.205994516546816,-0.4776455826040052,0.5152943216244674,-0.4949654803680731
TOX_489,CC489,1.0,1.0,0.0,1.0,0.0,-0.8318222082304447,0.7774073527645112,-1.2551353719733949,-0.8342818100346248,-0.49757249830921385
TOX_490,CC490,0.0,1.0,0.0,1.0,0.0,-0.06717829004935526,0.46667098196608103,-0.12765468151819012,2.184096733380456,1.149672018878747
TOX_491,CC491,1.0,1.0,0.0,0.0,0.0,-0.7157599891107518,1.52100622715938,-0.56060763684731,0.570507208354516,0.2965769385303051
TOX_492,CC492,0.0,0.0,0.0,1.0,1.0,0.6820520657126199,-0.9489165208248372,-2.929448690002268,-0.5806483025539511,1.2676515111879738
TOX_493,CC493,0.0,1.0,0.0,0.0,0.0,1.4872461553359273,1.7473631979155582,2.052972024501663,-0.6113852473886282,0.2887280030098363
TOX_494,CC494,0.0,0.0,1.0,1.0,0.0,-0.580053241370043,0.9321915642603847,1.088769654216672,-0.09294420661358828,-1.1571166187132709
TOX_495,CC495,0.0,0.0,1.0,1.0,0.0,0.23940450053537707,-0.23655528721894603,-0.37630072492499606,-0.23950192202174977,-1.3331283547778066
TOX_496,CC496,0.0,,1.0,,0.0,0.49968511030293383,1.1356201471829441,0.018819049740598424,1.1168337755299542,-1.551512249058929
TOX_497,CC497,0.0,0.0,0.0,0.0,1.0,0.4720022709192744,-1.1062935124116342,-1.1716543473175618,0.18641616974404632,0.6620518347584732
TOX_498,CC498,,,0.0,0.0,,0.07595526791608741,-0.8245141615276735,1.6957228778108653,-0.7316317389085281,1.188596823087008
TOX_499,CC499,,0.0,1.0,0.0,0.0,0.7426824183597224,-0.6085897232397004,1.8972886947731116,1.8904406851557827,1.849362141386381
